Empresa;Departamento; Resp.;Email;Telefone;Icone;Photo
 A . C. A. UCHOA SOUSA CLIMATIZAÇÃO LTDA;Departamento Fiscal;SUELEN;fiscal@contabilizarcontabil.com;(66) 3544-5981;fa-file-invoice-dollar;Suelen.jpg
 A. B. MORA.FL I - SM;Departamento Fiscal;MIDIAN;fiscal@contabilizarcontabil.com;(66) 3544-5981;fa-file-invoice-dollar;Midian.jpg
163 STORE LTDA;Departamento Contabil;Ytalo Nascimento;contabil@contabilizarcontabil.com;(66) 3544-5981;fa-calculator;Ytalo.jpg
163 STORE LTDA;Departamento Fiscal;Jaqueline Zanatta;fiscal@contabilizarcontabil.com;(66) 3544-5981;fa-file-invoice-dollar;Jaqueline.jpg
163 STORE LTDA;Departamento Pessoal;Victor Daniel;pessoal@contabilizarcontabil.com;(66) 3544-5981;fa-users;Victor.jpeg
A FRANCIELE ROGOVSKI;;YESA;;;;
A FRANCIELLE ROGOVSKI;Departamento Fiscal;SUELEN;fiscal@contabilizarcontabil.com;(66) 3544-5981;fa-file-invoice-dollar;Suelen.jpg
A. ANGELO LTDA;;VICTOR;;;;
A. ANGELO LTDA ;Departamento Fiscal;NEIRIELI;fiscal@contabilizarcontabil.com;(66) 3544-5981;fa-file-invoice-dollar;Neirieli.jpg
A. B. MORA.FL II -SM;Departamento Fiscal;MIDIAN;fiscal@contabilizarcontabil.com;(66) 3544-5981;fa-file-invoice-dollar;Midian.jpg
A. B. MORAES.MTZ - F;Departamento Fiscal;MIDIAN;fiscal@contabilizarcontabil.com;(66) 3544-5981;fa-file-invoice-dollar;Midian.jpg
A. C. A. UCHOA SOUSA CLIMATIZACAO LTDA;;VICTOR;;;;
A. M. DE ABREU TRANSPORTES LTDA;Departamento Fiscal;SUELEN;fiscal@contabilizarcontabil.com;(66) 3544-5981;fa-file-invoice-dollar;Suelen.jpg
A. R. LIMA TRANSPORTES LTDA  ;Departamento Fiscal;MIDIAN;fiscal@contabilizarcontabil.com;(66) 3544-5981;fa-file-invoice-dollar;Midian.jpg
A. R. PIOVESAN LTDA;Departamento Fiscal;MIDIAN;fiscal@contabilizarcontabil.com;(66) 3544-5981;fa-file-invoice-dollar;Midian.jpg
A.M COM. DE TINTAS;Departamento Fiscal;JAQUELINE;fiscal@contabilizarcontabil.com;(66) 3544-5981;fa-file-invoice-dollar;Jaqueline.jpg
AB MORAES - MTZ - ELIANE CRISTINA WOLF ;;VICTOR;;;;
ABEL VEICULOS;;VICTOR;;;;
ABEL VEICULOS ;Departamento Fiscal;SUELEN;fiscal@contabilizarcontabil.com;(66) 3544-5981;fa-file-invoice-dollar;Suelen.jpg
ACHE O CARRO LTDA;Departamento Fiscal;MIDIAN;fiscal@contabilizarcontabil.com;(66) 3544-5981;fa-file-invoice-dollar;Midian.jpg
ACHE O CARRO LTDA;;INATIVA;;;;
ACOM (ASSOCIAÇÃO DE COMBUSTÍVEIS);Departamento Fiscal;MIDIAN;fiscal@contabilizarcontabil.com;(66) 3544-5981;fa-file-invoice-dollar;Midian.jpg
AGC BRASIL COMERCIO E TRANSPORTE AGRICOLA LTDA;;VICTOR;;;;
AGC BRASIL COMERCIO E TRANSPORTE AGRICOLA LTDA -  NOVA MUTUM;Departamento Fiscal;NEIRIELI;fiscal@contabilizarcontabil.com;(66) 3544-5981;fa-file-invoice-dollar;Neirieli.jpg
AGRICREDITO PROJETOS AGRICOLAS LTDA;Departamento Fiscal;MIDIAN;fiscal@contabilizarcontabil.com;(66) 3544-5981;fa-file-invoice-dollar;Midian.jpg
AGRO CERRADO COM INSUMOS;;YESA;;;;
AGRO CERRADO COM INSUMOS ;Departamento Fiscal;JÉSSICA;fiscal@contabilizarcontabil.com;(66) 3544-5981;fa-file-invoice-dollar;Jessica.jpg
AGRO ESPERANÇA;;VICTOR;;;;
AGRO ESPERANÇA COMERCIO DE GRAOS LTDA;Departamento Fiscal;NEIRIELI;fiscal@contabilizarcontabil.com;(66) 3544-5981;fa-file-invoice-dollar;Neirieli.jpg
AGROCAL COMERCIO;;YESA;;;;
AGROCAL COMERCIO E TRANSPORTE AGRICOLA LTDA - NOVA MUTUM;Departamento Fiscal;NEIRIELI;fiscal@contabilizarcontabil.com;(66) 3544-5981;fa-file-invoice-dollar;Neirieli.jpg
AGROCAL COMERCIO E TRANSPORTE AGRICOLA LTDA - NOVA MUTUM;Departamento Fiscal;NEIRIELI;fiscal@contabilizarcontabil.com;(66) 3544-5981;fa-file-invoice-dollar;Neirieli.jpg
AGROFORTE COMERCIO;;YESA;;;;
AGROFORTE SERVIÇOS E TRANSPORTES EIRELI - NOVA MUTUM;Departamento Fiscal;NEIRIELI;fiscal@contabilizarcontabil.com;(66) 3544-5981;fa-file-invoice-dollar;Neirieli.jpg
ALH INOVA E PULVERIZACAO;;VICTOR;;;;
ALH INOVA PESQUISA E PULVERIZAÇÃO LTDA;Departamento Fiscal;JAQUELINE;fiscal@contabilizarcontabil.com;(66) 3544-5981;fa-file-invoice-dollar;Jaqueline.jpg
ALLTECH DISTRIBUIDORA DE PRODUTOS EM TEC;;YESA;;;;
ALLTECH DISTRIBUIDORA DE PRODUTOS TEC. LTDA;Departamento Fiscal;NEIRIELI;fiscal@contabilizarcontabil.com;(66) 3544-5981;fa-file-invoice-dollar;Neirieli.jpg
AM COMERCIO DE TINTAS;;YESA;;;;
AM DE ABREU TRANSPORTES LTDA;;YESA;;;;
ANDERSON L MARTINS EIRELI;Departamento Fiscal;SUELEN;fiscal@contabilizarcontabil.com;(66) 3544-5981;fa-file-invoice-dollar;Suelen.jpg
ANDERSON L. MARTINS 437 (MARTINS REPRESENTAÇÕES);;VICTOR;;;;
ANDERSON MARTINS - ME;Departamento Fiscal;MIDIAN;fiscal@contabilizarcontabil.com;(66) 3544-5981;fa-file-invoice-dollar;Midian.jpg
ANDERSON MARTINS 36 (DIGITAL PRINT);;VICTOR;;;;
APOS - ASSOCIACAO PRODUTORES ;;VICTOR;;;;
APROTRUCK BRASIL - ASSOCIAÇÃO DOS PROPRIETÁRIOS;Departamento Fiscal;MIDIAN;fiscal@contabilizarcontabil.com;(66) 3544-5981;fa-file-invoice-dollar;Midian.jpg
AR LIMA TRANSPORTES;;VICTOR;;;;
AR PIOVESAN LTDA;;YESA;;;;
ARA SOLUÇÕES EM ENERGIA ;Departamento Fiscal;SUELEN;fiscal@contabilizarcontabil.com;(66) 3544-5981;fa-file-invoice-dollar;Suelen.jpg
ARA SOLUCOES EM ENERGIA LTDA ( AA ENERGY);;VICTOR;;;;
ASSOCIAÇÃO COMUNIT CULTURAL E EDUCACIONAL DE SORRISO;Departamento Fiscal;MIDIAN;fiscal@contabilizarcontabil.com;(66) 3544-5981;fa-file-invoice-dollar;Midian.jpg
ASSOCIAÇÃO DOS  TRAB. RURAIS - PÉ NO CHÃO;Departamento Fiscal;MIDIAN;fiscal@contabilizarcontabil.com;(66) 3544-5981;fa-file-invoice-dollar;Midian.jpg
ASSOCIAÇÃO DOS ENG. SORRISO - AEAS;Departamento Fiscal;MIDIAN;fiscal@contabilizarcontabil.com;(66) 3544-5981;fa-file-invoice-dollar;Midian.jpg
ASSOCIAÇÃO PRODUTORES ORGANICOS DE SORRISO;Departamento Fiscal;MIDIAN;fiscal@contabilizarcontabil.com;(66) 3544-5981;fa-file-invoice-dollar;Midian.jpg
ATIVA RESTAURANTE E CONVENIENCIA LTDA  ;Departamento Fiscal;MIDIAN;fiscal@contabilizarcontabil.com;(66) 3544-5981;fa-file-invoice-dollar;Midian.jpg
ATIVA TRANSPORTES E LOGISTICA LTDA;;VICTOR;;;;
ATIVA TRANSPORTES E LOGÍSTICA LTDA;Departamento Fiscal;JÉSSICA;fiscal@contabilizarcontabil.com;(66) 3544-5981;fa-file-invoice-dollar;Jessica.jpg
ATROM - ASSOCIAÇÃO DOS TRANSPORT. ROD. MATOGROSSENSE;Departamento Fiscal;MIDIAN;fiscal@contabilizarcontabil.com;(66) 3544-5981;fa-file-invoice-dollar;Midian.jpg
ATROM- ASSOC.DOS PROP.DE CAM. DE TRANSP.  ;;VICTOR;;;;
ATS - ASSOCIACAO DOS TRANSPORTADORES DE ;;YESA;;;;
ATS - ASSOCIAÇÃO DOS TRANSPORTADORES DE SORRISO;Departamento Fiscal;MIDIAN;fiscal@contabilizarcontabil.com;(66) 3544-5981;fa-file-invoice-dollar;Midian.jpg
B. R. ASSESSORIA ADMINISTRATIVA LTDA;Departamento Fiscal;MIDIAN;fiscal@contabilizarcontabil.com;(66) 3544-5981;fa-file-invoice-dollar;Midian.jpg
C&L ASSESSORIA EMPRESARIAL LTDA;;YESA;;;;
C&L ASSESSORIA EMPRESARIAL LTDA ;Departamento Fiscal;SUELEN;fiscal@contabilizarcontabil.com;(66) 3544-5981;fa-file-invoice-dollar;Suelen.jpg
C. A. DE FARIAS DIAS EIRELI;Departamento Fiscal;JAQUELINE;fiscal@contabilizarcontabil.com;(66) 3544-5981;fa-file-invoice-dollar;Jaqueline.jpg
C. A. FURLAN & CIA LTDA;Departamento Fiscal;SUELEN;fiscal@contabilizarcontabil.com;(66) 3544-5981;fa-file-invoice-dollar;Suelen.jpg
CA DE FARIAS DIAS EIRELI;;VICTOR;;;;
CA FURLAN & CIA;;YESA;;;;
CADCAM COMERCIO E SERVICOS LTDA;Departamento Fiscal;SILVANA;fiscal@contabilizarcontabil.com;(66) 3544-5981;fa-file-invoice-dollar;Silvana.jpg
CADCAM PREMOLDADOS E FERRAGENS SORRISO LTDA;;INATIVA;;;;
CARLIN & GIRARDI CARLIN LTDA;Departamento Fiscal;JÉSSICA;fiscal@contabilizarcontabil.com;(66) 3544-5981;fa-file-invoice-dollar;Jessica.jpg
CARLIN & GIRARDI CARLIN LTDA;Departamento Fiscal;JÉSSICA;fiscal@contabilizarcontabil.com;(66) 3544-5981;fa-file-invoice-dollar;Jessica.jpg
CARLIN & GIRARDI CARLIN LTDA;;VICTOR;;;;
CARLOS C. COSTA LTDA;Departamento Fiscal;SILVANA;fiscal@contabilizarcontabil.com;(66) 3544-5981;fa-file-invoice-dollar;Silvana.jpg
CARLOS C. COSTA LTDA;;YESA;;;;
CARLOS TRANSMECA;;YESA;;;;
CARVALHO E VASCONCELOS SERVICOS DE LIMPEZA LTDA;;INATIVA;;;;
CASSANIGA E CASSANIGA ;Departamento Fiscal;JAQUELINE;fiscal@contabilizarcontabil.com;(66) 3544-5981;fa-file-invoice-dollar;Jaqueline.jpg
CENOESTE SERVIÇOS TERCEIRIZADOS LTDA;Departamento Fiscal;MIDIAN;fiscal@contabilizarcontabil.com;(66) 3544-5981;fa-file-invoice-dollar;Midian.jpg
CESAR RICARDO DOS SANTOS EGIDIO;;VICTOR;;;;
CESAR RICARDO DOS SANTOS EGIDIO -TEM PARCELAM ;Departamento Fiscal;JAQUELINE;fiscal@contabilizarcontabil.com;(66) 3544-5981;fa-file-invoice-dollar;Jaqueline.jpg
CIOATO E SILVA LTDA - Filial 01;Departamento Fiscal;NEIRIELI;fiscal@contabilizarcontabil.com;(66) 3544-5981;fa-file-invoice-dollar;Neirieli.jpg
CIOATO E SILVA LTDA - Filial 02;Departamento Fiscal;NEIRIELI;fiscal@contabilizarcontabil.com;(66) 3544-5981;fa-file-invoice-dollar;Neirieli.jpg
CIOATO E SILVA LTDA - Matriz;Departamento Fiscal;NEIRIELI;fiscal@contabilizarcontabil.com;(66) 3544-5981;fa-file-invoice-dollar;Neirieli.jpg
CIOATO E SILVA LTDA MTZ;;VICTOR;;;;
CLARIFILM INDUSTRIA E COMERCIO LTDA;Departamento Fiscal;NEIRIELI;fiscal@contabilizarcontabil.com;(66) 3544-5981;fa-file-invoice-dollar;Neirieli.jpg
CLARIFILM INDUSTRIA E COMERCIO LTDA;;YESA;;;;
CLAUDINEI P. STASCZAK;Departamento Fiscal;SILVANA;fiscal@contabilizarcontabil.com;(66) 3544-5981;fa-file-invoice-dollar;Silvana.jpg
CLAUDINEI P. STASCZAK;;YESA;;;;
CMD IMOVEIS LTDA;Departamento Fiscal;NEIRIELI;fiscal@contabilizarcontabil.com;(66) 3544-5981;fa-file-invoice-dollar;Neirieli.jpg
CMD IMOVEIS LTDA;;VICTOR;;;;
CNX COM E TRANSP AGRICOLA;;YESA;;;;
CNX COMERCIO E TRANSPORTES AGRICOLAS LTDA ;Departamento Fiscal;JAQUELINE;fiscal@contabilizarcontabil.com;(66) 3544-5981;fa-file-invoice-dollar;Jaqueline.jpg
CONSTRUIMOVEIS LTDA;Departamento Fiscal;NEIRIELI;fiscal@contabilizarcontabil.com;(66) 3544-5981;fa-file-invoice-dollar;Neirieli.jpg
CONSTRUIMOVEIS LTDA;;VICTOR;;;;
CONSTRULAR MATERIAL DE CONSTRUCAO LTDA;;VICTOR;;;;
CONSTRULAR MATERIAL DE CONSTRUÇÃO LTDA;Departamento Fiscal;NEIRIELI;fiscal@contabilizarcontabil.com;(66) 3544-5981;fa-file-invoice-dollar;Neirieli.jpg
CONSTRULAR MATERIAL DE CONSTRUÇÃO LTDA - Filial 01;Departamento Fiscal;NEIRIELI;fiscal@contabilizarcontabil.com;(66) 3544-5981;fa-file-invoice-dollar;Neirieli.jpg
CONSTRUTORA PAVAN;;BLOQUEADA ;;;;
CONSTRUTORA PAVAN LTDA ;Departamento Fiscal;SUELEN;fiscal@contabilizarcontabil.com;(66) 3544-5981;fa-file-invoice-dollar;Suelen.jpg
CONSTRUTORA RIBEIRO LTDA ME;Departamento Fiscal;SUELEN;fiscal@contabilizarcontabil.com;(66) 3544-5981;fa-file-invoice-dollar;Suelen.jpg
CONTABILIZAR CONTADORES ASSOCIADOS;Departamento Fiscal;MIDIAN;fiscal@contabilizarcontabil.com;(66) 3544-5981;fa-file-invoice-dollar;Midian.jpg
COOPERMOVS;Departamento Fiscal;JAQUELINE;fiscal@contabilizarcontabil.com;(66) 3544-5981;fa-file-invoice-dollar;Jaqueline.jpg
COOPERMOVS;;VICTOR;;;;
CRISTIANO C. DUTRA - CHÁCARA;;INATIVA;;;;
D E SERVICOS LTDA;;VICTOR;;;;
D ZIMMER LTDA;;YESA;;;;
D. E SERVIÇOS LTDA ;Departamento Fiscal;JAQUELINE;fiscal@contabilizarcontabil.com;(66) 3544-5981;fa-file-invoice-dollar;Jaqueline.jpg
D. ZIMMER LTDA;Departamento Fiscal;SUELEN;fiscal@contabilizarcontabil.com;(66) 3544-5981;fa-file-invoice-dollar;Suelen.jpg
DANIELA P. DE OLIVEIRA ;Departamento Fiscal;MIDIAN;fiscal@contabilizarcontabil.com;(66) 3544-5981;fa-file-invoice-dollar;Midian.jpg
DANIELA P. DE OLIVEIRA - ME;;INATIVA;;;;
DAVI MOLA FARIAS LTDA;;VICTOR;;;;
DAVI MOLA FARIAS LTDA  ;Departamento Fiscal;JAQUELINE;fiscal@contabilizarcontabil.com;(66) 3544-5981;fa-file-invoice-dollar;Jaqueline.jpg
DIAS SERVICOS GERAIS EIRELI;;YESA;;;;
DIAS SERVICOS GERAIS EIRELI ;Departamento Fiscal;JAQUELINE;fiscal@contabilizarcontabil.com;(66) 3544-5981;fa-file-invoice-dollar;Jaqueline.jpg
DIRCEU W MOTOS;;VICTOR;;;;
DIRCEU WEITBRECHT;Departamento Fiscal;SUELEN;fiscal@contabilizarcontabil.com;(66) 3544-5981;fa-file-invoice-dollar;Suelen.jpg
DOS SANTOS TRANSPORTES E LOGISTICA;Departamento Fiscal;SUELEN;fiscal@contabilizarcontabil.com;(66) 3544-5981;fa-file-invoice-dollar;Suelen.jpg
DOSSANTOS TRANSPORTES E LOGISTICA LTDA;;VICTOR;;;;
DOUGLAS LIZZI DE LIMA EIRELI;;YESA;;;;
DOUGLAS LIZZI DE LIMA EIRELI ;Departamento Fiscal;MIDIAN;fiscal@contabilizarcontabil.com;(66) 3544-5981;fa-file-invoice-dollar;Midian.jpg
DRICAR ESTETICA AUTOMOTIVA LTDA;Departamento Fiscal;MIDIAN;fiscal@contabilizarcontabil.com;(66) 3544-5981;fa-file-invoice-dollar;Midian.jpg
DSD AGRONEGOCIOS (CRISTIANO C. DUTRA)  301;;VICTOR;;;;
"DSD AGRONEGOCIOS LTDA - CRISTIANO DUTRA
";Departamento Fiscal;MIDIAN;fiscal@contabilizarcontabil.com;(66) 3544-5981;fa-file-invoice-dollar;Midian.jpg
DUDU CARRASCO CONSULTORIAS;;VICTOR;;;;
DUDU CARRASCO CONSULTORIAS FITNESS LTDA ;Departamento Fiscal;SUELEN;fiscal@contabilizarcontabil.com;(66) 3544-5981;fa-file-invoice-dollar;Suelen.jpg
E. F. BIKE SHOP LTDA MATRIZ - SORRISO ;Departamento Fiscal;SUELEN;fiscal@contabilizarcontabil.com;(66) 3544-5981;fa-file-invoice-dollar;Suelen.jpg
E. F. BIKE SHOP LTDA. FILIAL - SINOP ;Departamento Fiscal;SUELEN;fiscal@contabilizarcontabil.com;(66) 3544-5981;fa-file-invoice-dollar;Suelen.jpg
E. G. LOPES DA SILVA LTDA;Departamento Fiscal;JAQUELINE;fiscal@contabilizarcontabil.com;(66) 3544-5981;fa-file-invoice-dollar;Jaqueline.jpg
E.M.H. PRESTADORA DE SERVIÇOS LTDA;Departamento Fiscal;NEIRIELI;fiscal@contabilizarcontabil.com;(66) 3544-5981;fa-file-invoice-dollar;Neirieli.jpg
EDMARA CALDERARI ;;YESA;;;;
EDVANI AGRO COMERCIO E TRANSPORTES DE GRAOS LTDA;Departamento Fiscal;NEIRIELI;fiscal@contabilizarcontabil.com;(66) 3544-5981;fa-file-invoice-dollar;Neirieli.jpg
EDVANI AGRO COMERCIO E TRANSPORTES DE GRAOS LTDA;Departamento Fiscal;NEIRIELI;fiscal@contabilizarcontabil.com;(66) 3544-5981;fa-file-invoice-dollar;Neirieli.jpg
EDVANI AGRO COMERCIO E TRANSPORTES DE GRAOS LTDA;;VICTOR;;;;
EF BIKE - FILIAL;;VICTOR;;;;
EF BIKE - MTZ;;VICTOR;;;;
EG LOPES DA SILVA LTDA;;YESA;;;;
ELPIS AGROPECUARIA LTDA - TAPURAH;Departamento Fiscal;SUELEN;fiscal@contabilizarcontabil.com;(66) 3544-5981;fa-file-invoice-dollar;Suelen.jpg
EMERSON BONALDO LTDA;Departamento Fiscal;JAQUELINE;fiscal@contabilizarcontabil.com;(66) 3544-5981;fa-file-invoice-dollar;Jaqueline.jpg
EMERSON BONALDO LTDA;;YESA;;;;
EMH PRESTADORA DE SERVICOS LTDA;;VICTOR;;;;
ES DA SILVA LTDA;;INATIVA;;;;
ESPERANÇA GRAOS CLASSIFICACOES LTDA;;VICTOR;;;;
ESPERANÇA GRÃOS CLASSIFICAÇÕES LTDA ;Departamento Fiscal;SILVANA;fiscal@contabilizarcontabil.com;(66) 3544-5981;fa-file-invoice-dollar;Silvana.jpg
ESSENCIAL MOVEIS LTDA;;VICTOR;;;;
ESSENCIAL MOVEIS LTDA (NOVA);Departamento Fiscal;SUELEN;fiscal@contabilizarcontabil.com;(66) 3544-5981;fa-file-invoice-dollar;Suelen.jpg
EVANDRO BARBIERI E CIA LTDA;Departamento Fiscal;JAQUELINE;fiscal@contabilizarcontabil.com;(66) 3544-5981;fa-file-invoice-dollar;Jaqueline.jpg
EVERALDO DE OLIVEIRA FALLERO LTDA;;YESA;;;;
EVERALDO DE OLIVEIRA FALLERO LTDA ;Departamento Fiscal;SUELEN;fiscal@contabilizarcontabil.com;(66) 3544-5981;fa-file-invoice-dollar;Suelen.jpg
EVT TRANSPORTE DE CARGAS FILIAL LTDA - FILIAL;Departamento Fiscal;JÉSSICA;fiscal@contabilizarcontabil.com;(66) 3544-5981;fa-file-invoice-dollar;Jessica.jpg
EVT TRANSPORTE DE CARGAS LTDA - MATRIZ;Departamento Fiscal;JÉSSICA;fiscal@contabilizarcontabil.com;(66) 3544-5981;fa-file-invoice-dollar;Jessica.jpg
EVT TRANSPORTES E LOGISTICA DE CARGAS LTDA (E.TEIXEIRA);;VICTOR;;;;
EWR TRANSPORTES LTDA;Departamento Fiscal;SUELEN;fiscal@contabilizarcontabil.com;(66) 3544-5981;fa-file-invoice-dollar;Suelen.jpg
EWR TRANSPORTES LTDA;;INATIVA;;;;
EYGI LEON CAMPOS DA COSTA LTDA;Departamento Fiscal;JAQUELINE;fiscal@contabilizarcontabil.com;(66) 3544-5981;fa-file-invoice-dollar;Jaqueline.jpg
EYGI LEON CAMPOS DA COSTA LTDA;;VICTOR;;;;
F. C. SERVICOS E TRANSPORTES LTDA;Departamento Fiscal;JÉSSICA;fiscal@contabilizarcontabil.com;(66) 3544-5981;fa-file-invoice-dollar;Jessica.jpg
F. R. SERVICOS E TRANSPORTES LTDA - SINOP;Departamento Fiscal;SUELEN;fiscal@contabilizarcontabil.com;(66) 3544-5981;fa-file-invoice-dollar;Suelen.jpg
FABRICA DE CARROCERIAS SORRISO;Departamento Fiscal;JÉSSICA;fiscal@contabilizarcontabil.com;(66) 3544-5981;fa-file-invoice-dollar;Jessica.jpg
FABRICA DE CARROCERIAS SORRISO;;VICTOR;;;;
FABRICA DE MÓVEIS MARCENEIRO LTDA;Departamento Fiscal;JÉSSICA;fiscal@contabilizarcontabil.com;(66) 3544-5981;fa-file-invoice-dollar;Jessica.jpg
FABRICA DE MÓVEIS MARCENEIRO LTDA;;VICTOR;;;;
FC SERVIÇOS E TRANSPORTES;;VICTOR;;;;
FELDER CLINICA ODONTOLOGICA E ESTETICA L -;Departamento Fiscal;MIDIAN;fiscal@contabilizarcontabil.com;(66) 3544-5981;fa-file-invoice-dollar;Midian.jpg
FERNANDO TADEU BERLATO;Departamento Fiscal;JÉSSICA;fiscal@contabilizarcontabil.com;(66) 3544-5981;fa-file-invoice-dollar;Jessica.jpg
FERNANDO TADEU BERLATO;;VICTOR;;;;
FERPEM ASSESSORIA E CONSULTORIA AGROPECUA;Departamento Fiscal;MIDIAN;fiscal@contabilizarcontabil.com;(66) 3544-5981;fa-file-invoice-dollar;Midian.jpg
FIGUEIREDO E MARQUES FISIOTERAPIA E ESTETICA LTDA;Departamento Fiscal;SILVANA;fiscal@contabilizarcontabil.com;(66) 3544-5981;fa-file-invoice-dollar;Silvana.jpg
FIOR TRANSPORTES LTDA;;YESA;;;;
FIOR TRANSPORTES LTDA ;Departamento Fiscal;JAQUELINE;fiscal@contabilizarcontabil.com;(66) 3544-5981;fa-file-invoice-dollar;Jaqueline.jpg
FLASH MECANICA;Departamento Fiscal;JAQUELINE;fiscal@contabilizarcontabil.com;(66) 3544-5981;fa-file-invoice-dollar;Jaqueline.jpg
FLASH MECANICA;;VICTOR;;;;
FLASH SERV.E COM DE PEÇAS MATRIZ;Departamento Fiscal;JAQUELINE;fiscal@contabilizarcontabil.com;(66) 3544-5981;fa-file-invoice-dollar;Jaqueline.jpg
FLASH SERV.E COM DE PEÇAS MATRIZ;;VICTOR;;;;
FLOR DE CAFE BOUTIQUE LTDA;;YESA;;;;
FLOR DE CAFÉ BOUTIQUE LTDA;Departamento Fiscal;SUELEN;fiscal@contabilizarcontabil.com;(66) 3544-5981;fa-file-invoice-dollar;Suelen.jpg
FORTE CEREALISTA COMERCIO DE GRAOS LTDA;Departamento Fiscal;JÉSSICA;fiscal@contabilizarcontabil.com;(66) 3544-5981;fa-file-invoice-dollar;Jessica.jpg
FORTE CEREALISTA COMERCIO DE GRAOS LTDA;;VICTOR;;;;
FORTE GRAOS;;YESA;;;;
FORTE GRAOS COMERCIAL AGRICOLA LTDA;Departamento Fiscal;JÉSSICA;fiscal@contabilizarcontabil.com;(66) 3544-5981;fa-file-invoice-dollar;Jessica.jpg
FR SERVICOS E TRANSPORTES LTDA;;VICTOR;;;;
FRANCISCA DE SOUZA;;BLOQUEADA ;;;;
FRANCISCA DE SOUZA LTDA  ;Departamento Fiscal;NEIRIELI;fiscal@contabilizarcontabil.com;(66) 3544-5981;fa-file-invoice-dollar;Neirieli.jpg
FRANCISLENE APARECIDA DA SILVA FAVARETTO;Departamento Fiscal;JÉSSICA;fiscal@contabilizarcontabil.com;(66) 3544-5981;fa-file-invoice-dollar;Jessica.jpg
G. P. COMERCIO DE PNEUS LTDA;Departamento Fiscal;JAQUELINE;fiscal@contabilizarcontabil.com;(66) 3544-5981;fa-file-invoice-dollar;Jaqueline.jpg
G. R. CARVALHO CONSULTORIA  (572) - (PARALISADA);Departamento Fiscal;MIDIAN;fiscal@contabilizarcontabil.com;(66) 3544-5981;fa-file-invoice-dollar;Midian.jpg
G2 LOGISTICA INTEGRADA LTDA;Departamento Fiscal;JÉSSICA;fiscal@contabilizarcontabil.com;(66) 3544-5981;fa-file-invoice-dollar;Jessica.jpg
G2 LOGISTICA INTEGRADA LTDA;;VICTOR;;;;
G2 TRANSPORTES E LOGISTICA LTDA;;VICTOR;;;;
G2LOG TRANSPORTES E LOGISTICA LTDA ;Departamento Fiscal;JÉSSICA;fiscal@contabilizarcontabil.com;(66) 3544-5981;fa-file-invoice-dollar;Jessica.jpg
GAPE SERVIÇOS DE TRANSPORTES LTDA;Departamento Fiscal;SILVANA;fiscal@contabilizarcontabil.com;(66) 3544-5981;fa-file-invoice-dollar;Silvana.jpg
GAPE SERVIÇOS DE TRANSPORTES LTDA;;YESA;;;;
GERMANICA TRANSPORTES;;VICTOR;;;;
GERMANICA TRANSPORTES LTDA;Departamento Fiscal;SUELEN;fiscal@contabilizarcontabil.com;(66) 3544-5981;fa-file-invoice-dollar;Suelen.jpg
GGF SOLUTION E TRANSPORTES (NOVA);Departamento Fiscal;JÉSSICA;fiscal@contabilizarcontabil.com;(66) 3544-5981;fa-file-invoice-dollar;Jessica.jpg
GGF SOLUTION E TRANSPORTES LTDA;;VICTOR;;;;
GILMAR FORQUEZATTO - EMPRESA;Departamento Fiscal;JAQUELINE;fiscal@contabilizarcontabil.com;(66) 3544-5981;fa-file-invoice-dollar;Jaqueline.jpg
GILMAR FORQUEZATTO E OUTRO - FAZENDA ;Departamento Fiscal;JAQUELINE;fiscal@contabilizarcontabil.com;(66) 3544-5981;fa-file-invoice-dollar;Jaqueline.jpg
GILMAR FORQUEZATTO EMPRESA;;VICTOR;;;;
GILMAR FORQUEZATTO FAZENDA;;VICTOR;;;;
GLYCINE MAX CLASSIFICAÇÕES LTDA ME;Departamento Fiscal;SILVANA;fiscal@contabilizarcontabil.com;(66) 3544-5981;fa-file-invoice-dollar;Silvana.jpg
GLYCINE MAX CLASSIFICAÇÕES LTDA ME;;YESA;;;;
GLYCINE MAX RATINGS LTDA;Departamento Fiscal;SILVANA;fiscal@contabilizarcontabil.com;(66) 3544-5981;fa-file-invoice-dollar;Silvana.jpg
GLYCINE MAX RATINGS LTDA;;YESA;;;;
GP COMERCIO DE PNEUS LTDA;;YESA;;;;
GR CARVALHO CONSULTORIA;;INATIVA;;;;
GUAIRA COMERCIO DE PNEUS LTDA;Departamento Fiscal;JAQUELINE;fiscal@contabilizarcontabil.com;(66) 3544-5981;fa-file-invoice-dollar;Jaqueline.jpg
GUAIRA COMERCIO DE PNEUS LTDA;;INATIVA;;;;
GUAIRA RECAPADORA DE PNEUS LTDA ;Departamento Fiscal;JAQUELINE;fiscal@contabilizarcontabil.com;(66) 3544-5981;fa-file-invoice-dollar;Jaqueline.jpg
GUAIRA RECAPADORA DE PNEUS LTDA ;;INATIVA;;;;
GUERRA CHAPEACAO STUDIO CAR LTDA;;VICTOR;;;;
GUERRA CHAPEAÇÃO STUDIO CAR LTDA ;Departamento Fiscal;SUELEN;fiscal@contabilizarcontabil.com;(66) 3544-5981;fa-file-invoice-dollar;Suelen.jpg
GUIMARÃES  & DA SILVA LTDA ME;Departamento Fiscal;MIDIAN;fiscal@contabilizarcontabil.com;(66) 3544-5981;fa-file-invoice-dollar;Midian.jpg
GUIMARAES E DA SILVA;;YESA;;;;
HELENO JOSE BEZERRA;Departamento Fiscal;NEIRIELI;fiscal@contabilizarcontabil.com;(66) 3544-5981;fa-file-invoice-dollar;Neirieli.jpg
HELENO JOSE BEZERRA;;YESA;;;;
HIDRAULICA HIDRAUPAR LTDA;Departamento Fiscal;MIDIAN;fiscal@contabilizarcontabil.com;(66) 3544-5981;fa-file-invoice-dollar;Midian.jpg
HJ REPRESENTACAO COMERCIAL EIRELI;;YESA;;;;
HMO TRANSPORTES LTDA;Departamento Fiscal;MIDIAN;fiscal@contabilizarcontabil.com;(66) 3544-5981;fa-file-invoice-dollar;Midian.jpg
HMO TRANSPORTES LTDA;;INATIVA;;;;
IGREJA BATISTA;;YESA;;;;
IGREJA BATISTA IRRF CSRF MANUAL DCFT VERIFCAR E-CAC;Departamento Fiscal;MIDIAN;fiscal@contabilizarcontabil.com;(66) 3544-5981;fa-file-invoice-dollar;Midian.jpg
IMPERSERVICE IMPERMEABILIZACAO LTDA;;VICTOR;;;;
IMPERSERVICE IMPERMEABILIZAÇÃO LTDA;Departamento Fiscal;NEIRIELI;fiscal@contabilizarcontabil.com;(66) 3544-5981;fa-file-invoice-dollar;Neirieli.jpg
ITAMAR FAZENDA;;VICTOR;;;;
ITAMAR FLEMING ;Departamento Fiscal;NEIRIELI;fiscal@contabilizarcontabil.com;(66) 3544-5981;fa-file-invoice-dollar;Neirieli.jpg
IVAN OLIVEIRA DOS SANTOS SOCIEDADE INDIVIDUAL DE ADVOCACIA;Departamento Fiscal;MIDIAN;fiscal@contabilizarcontabil.com;(66) 3544-5981;fa-file-invoice-dollar;Midian.jpg
IVAN OLIVEIRA DOS SANTOS SOCIEDADE INDIVIDUAL DE ADVOCACIA;;INATIVA;;;;
J BERGAMIN E CIA LTDA - ME;;YESA;;;;
J. BERGAMIN E CIA LTDA - ME;Departamento Fiscal;SILVANA;fiscal@contabilizarcontabil.com;(66) 3544-5981;fa-file-invoice-dollar;Silvana.jpg
J. C. DAL BELLO EIRELI;Departamento Fiscal;SILVANA;fiscal@contabilizarcontabil.com;(66) 3544-5981;fa-file-invoice-dollar;Silvana.jpg
J. R. SERVIÇOS DE CONSTRUÇÃO CIVIL LTDA;Departamento Fiscal;NEIRIELI;fiscal@contabilizarcontabil.com;(66) 3544-5981;fa-file-invoice-dollar;Neirieli.jpg
JACOB ANTONIO DOS SANTOS;;INATIVA;;;;
JACOB ANTONIO DOS SANTOS LTDA ;Departamento Fiscal;JÉSSICA;fiscal@contabilizarcontabil.com;(66) 3544-5981;fa-file-invoice-dollar;Jessica.jpg
JARDEL BEZERRA RIBEIRO - IE BAIXADA;Departamento Fiscal;MIDIAN;fiscal@contabilizarcontabil.com;(66) 3544-5981;fa-file-invoice-dollar;Midian.jpg
JB MARMORARIA LTDA;;YESA;;;;
JB MARMORARIA LTDA ;Departamento Fiscal;JAQUELINE;fiscal@contabilizarcontabil.com;(66) 3544-5981;fa-file-invoice-dollar;Jaqueline.jpg
JC DAL BELLO EIRELI;;YESA;;;;
JD TECH SOLUCOES AGRICOLAS LTDA;Departamento Fiscal;JAQUELINE;fiscal@contabilizarcontabil.com;(66) 3544-5981;fa-file-invoice-dollar;Jaqueline.jpg
JD TECH SOLUCOES AGRICOLAS LTDA;;VICTOR;;;;
JEFERSON POLTRONIERI LTDA;Departamento Fiscal;MIDIAN;fiscal@contabilizarcontabil.com;(66) 3544-5981;fa-file-invoice-dollar;Midian.jpg
JEFERSON POLTRONIERI LTDA;;INATIVA;;;;
JF COMERCIO E  LINDONJOHNSON;Departamento Fiscal;NEIRIELI;fiscal@contabilizarcontabil.com;(66) 3544-5981;fa-file-invoice-dollar;Neirieli.jpg
JF COMERCIO E INTERMEDIACOES LTDA (LINDONJHONSON);;VICTOR;;;;
JF ENGENHARIA;;VICTOR;;;;
JF ENGENHARIA E CONSTRUTORA LTDA;Departamento Fiscal;SILVANA;fiscal@contabilizarcontabil.com;(66) 3544-5981;fa-file-invoice-dollar;Silvana.jpg
JJ ASSESSORIA EM MARKETING LTDA;Departamento Fiscal;MIDIAN;fiscal@contabilizarcontabil.com;(66) 3544-5981;fa-file-invoice-dollar;Midian.jpg
JM MECANICA;;BLOQUEADA ;;;;
JM MECANICA INDUSTRIAL LTDA (SÃO JOSE DO RIO CLARO);Departamento Fiscal;JAQUELINE;fiscal@contabilizarcontabil.com;(66) 3544-5981;fa-file-invoice-dollar;Jaqueline.jpg
JMC AUTOMAÇÃO INDUSTRIAL LTDA;;VICTOR;;;;
JMC AUTOMAÇÃO INDUSTRIAL LTDA (Dist. de Lucro);Departamento Fiscal;MIDIAN;fiscal@contabilizarcontabil.com;(66) 3544-5981;fa-file-invoice-dollar;Midian.jpg
JMC PROJETOS E CONSULTORIAS LTDA;Departamento Fiscal;MIDIAN;fiscal@contabilizarcontabil.com;(66) 3544-5981;fa-file-invoice-dollar;Midian.jpg
JMC PROJETOS E CONSULTORIAS LTDA;;VICTOR;;;;
JMC SOLUCOES ELETRICAS;;VICTOR;;;;
JMC SOLUCOES ELETRICAS LTDA;Departamento Fiscal;MIDIAN;fiscal@contabilizarcontabil.com;(66) 3544-5981;fa-file-invoice-dollar;Midian.jpg
JOAREZ ANTONIO CARLIN E OUTRO;Departamento Fiscal;JÉSSICA;fiscal@contabilizarcontabil.com;(66) 3544-5981;fa-file-invoice-dollar;Jessica.jpg
JOSIMAR FERREIRA DE SENA ;Departamento Fiscal;SUELEN;fiscal@contabilizarcontabil.com;(66) 3544-5981;fa-file-invoice-dollar;Suelen.jpg
JPS TECNOLOGIA LTDA - ME;Departamento Fiscal;NEIRIELI;fiscal@contabilizarcontabil.com;(66) 3544-5981;fa-file-invoice-dollar;Neirieli.jpg
JPS TECNOLOGIA LTDA - ME;;VICTOR;;;;
JR SERVICOS DE CONSTRUCAO CIVIL LTDA;;VICTOR;;;;
JS SUPERMERCADO E DISTRIBUIDORA DE BEBIDAS LTDA;Departamento Fiscal;JAQUELINE;fiscal@contabilizarcontabil.com;(66) 3544-5981;fa-file-invoice-dollar;Jaqueline.jpg
JS SUPERMERCADO E DISTRIBUIDORA DE BEBIDAS LTDA (JM COMERCIO);;YESA;;;;
K M REFORMAS DE CARROCERIAS LTDA - ;Departamento Fiscal;MIDIAN;fiscal@contabilizarcontabil.com;(66) 3544-5981;fa-file-invoice-dollar;Midian.jpg
L. A. PICCIN COMERCIO DE TINTAS EIRELI ( Dist. De Lucro);Departamento Fiscal;JAQUELINE;fiscal@contabilizarcontabil.com;(66) 3544-5981;fa-file-invoice-dollar;Jaqueline.jpg
L.A. COGO PESSOA LTDA;Departamento Fiscal;MIDIAN;fiscal@contabilizarcontabil.com;(66) 3544-5981;fa-file-invoice-dollar;Midian.jpg
LA PICCIN COMERCIO DE TINTAS EIRELI - ME;;YESA;;;;
LABORTEC MEDICINA E SEGURANCA DO TRABALHO;;YESA;;;;
LABORTEC MEDICINA E SEGURANÇA DO TRABALHO LTDA ;Departamento Fiscal;JAQUELINE;fiscal@contabilizarcontabil.com;(66) 3544-5981;fa-file-invoice-dollar;Jaqueline.jpg
LCM SERV. E COM. DE COMP. LTDA;;YESA;;;;
LCM SERV. E COM. DE COMP. LTDA (Dist. De Lucro) ;Departamento Fiscal;JAQUELINE;fiscal@contabilizarcontabil.com;(66) 3544-5981;fa-file-invoice-dollar;Jaqueline.jpg
LEONARDO HENRIQUE CALSAVARA MARTINS 03508691110;;VICTOR;;;;
LIRA TRANSPORTES;Departamento Fiscal;JAQUELINE;fiscal@contabilizarcontabil.com;(66) 3544-5981;fa-file-invoice-dollar;Jaqueline.jpg
LIRA TRANSPORTES;;YESA;;;;
LM PASCALLI TRANSPORTES LTDA;;VICTOR;;;;
LM PASCALLI TRANSPORTES LTDA - SINOP;Departamento Fiscal;SUELEN;fiscal@contabilizarcontabil.com;(66) 3544-5981;fa-file-invoice-dollar;Suelen.jpg
LUCIANA DA SILVA PINHEIRO;;YESA;;;;
LUCIANO STUANI LTDA;;YESA;;;;
LUCIANO STUANI LTDA ;Departamento Fiscal;JAQUELINE;fiscal@contabilizarcontabil.com;(66) 3544-5981;fa-file-invoice-dollar;Jaqueline.jpg
LUCIMAR DE SOUZA LIMA - ME;;VICTOR;;;;
LUCIMAR DE SOUZA LIMA - ME ;Departamento Fiscal;SUELEN;fiscal@contabilizarcontabil.com;(66) 3544-5981;fa-file-invoice-dollar;Suelen.jpg
LUIZ CARLOS POMBO LOPES LTDA;Departamento Fiscal;MIDIAN;fiscal@contabilizarcontabil.com;(66) 3544-5981;fa-file-invoice-dollar;Midian.jpg
M COLOR INDUSTRIA DE TINTAS LTDA;Departamento Fiscal;SUELEN;fiscal@contabilizarcontabil.com;(66) 3544-5981;fa-file-invoice-dollar;Suelen.jpg
M COLOR INDUSTRIA DE TINTAS LTDA;;VICTOR;;;;
M MAZON NETO EIRELI;;VICTOR;;;;
M. A. APOIO TERCEIRIZACAO LTDA;Departamento Fiscal;JÉSSICA;fiscal@contabilizarcontabil.com;(66) 3544-5981;fa-file-invoice-dollar;Jessica.jpg
M. A. APOIO TERCEIRIZAÇÃO LTDA;;VICTOR;;;;
M. MAZON NETO EIRELI ;Departamento Fiscal;SUELEN;fiscal@contabilizarcontabil.com;(66) 3544-5981;fa-file-invoice-dollar;Suelen.jpg
MARCHETTI E MARCHETTI LTDA;;VICTOR;;;;
MARCHETTI E MARCHETTI LTDA ;Departamento Fiscal;MIDIAN;fiscal@contabilizarcontabil.com;(66) 3544-5981;fa-file-invoice-dollar;Midian.jpg
MARCOS ROGERIO MARSON REPRESENTACOES LTDA;;YESA;;;;
MARCOS ROGERIO MARSON REPRESENTACOES LTDA ;Departamento Fiscal;SUELEN;fiscal@contabilizarcontabil.com;(66) 3544-5981;fa-file-invoice-dollar;Suelen.jpg
MASTER 7 COMUNICACAO VISUAL LTDA;Departamento Fiscal;MIDIAN;fiscal@contabilizarcontabil.com;(66) 3544-5981;fa-file-invoice-dollar;Midian.jpg
MASTER 7 COMUNICACAO VISUAL LTDA;;YESA;;;;
MATO GROSSO MATERIAIS ELETRICO ;;VICTOR;;;;
MATO GROSSO MATERIAIS ELETRICOS;Departamento Fiscal;MIDIAN;fiscal@contabilizarcontabil.com;(66) 3544-5981;fa-file-invoice-dollar;Midian.jpg
MATO GROSSO MATERIAIS ELETRICOS - (Filial) ;Departamento Fiscal;MIDIAN;fiscal@contabilizarcontabil.com;(66) 3544-5981;fa-file-invoice-dollar;Midian.jpg
MAVIM TRANSPORTE LTDA;;YESA;;;;
MAVIM TRANSPORTES LTDA (NOVA);Departamento Fiscal;JÉSSICA;fiscal@contabilizarcontabil.com;(66) 3544-5981;fa-file-invoice-dollar;Jessica.jpg
MCL COMERCIO E LOCACAO;;VICTOR;;;;
MCL COMERCIO E LOCAÇÕES DE FERRAMENTAS LTDA;Departamento Fiscal;JAQUELINE;fiscal@contabilizarcontabil.com;(66) 3544-5981;fa-file-invoice-dollar;Jaqueline.jpg
MDR CASSOL IMOVEIS LTDA ;Departamento Fiscal;MIDIAN;fiscal@contabilizarcontabil.com;(66) 3544-5981;fa-file-invoice-dollar;Midian.jpg
MDR TRANSPORTES RODOVIARIOS EIREL CERT VENC;Departamento Fiscal;JAQUELINE;fiscal@contabilizarcontabil.com;(66) 3544-5981;fa-file-invoice-dollar;Jaqueline.jpg
MDR TRANSPORTES RODOVIARIOS EIRELI;;VICTOR;;;;
MDRCASSOL  IMOVEIS LTDA;;YESA;;;;
MENDONCA COMERCIO DE GRAOS LTDA;;VICTOR;;;;
MENDONCA E PAIVA COMERCIO DE GRAOS LTDA;Departamento Fiscal;JÉSSICA;fiscal@contabilizarcontabil.com;(66) 3544-5981;fa-file-invoice-dollar;Jessica.jpg
MERCADO MIX LTDA - SM;Departamento Fiscal;JAQUELINE;fiscal@contabilizarcontabil.com;(66) 3544-5981;fa-file-invoice-dollar;Jaqueline.jpg
MEZOMO E PEGORARO TRANSPORTES LTDA;Departamento Fiscal;SUELEN;fiscal@contabilizarcontabil.com;(66) 3544-5981;fa-file-invoice-dollar;Suelen.jpg
MEZOMO E PEGORARO TRANSPORTES LTDA;;VICTOR;;;;
MHM TRANSPORTES LTDA;Departamento Fiscal;SILVANA;fiscal@contabilizarcontabil.com;(66) 3544-5981;fa-file-invoice-dollar;Silvana.jpg
MHM TRANSPORTES LTDA;;YESA;;;;
MIX CONSULTORIA E PRESTADORA DE SERVIÇO;Departamento Fiscal;JAQUELINE;fiscal@contabilizarcontabil.com;(66) 3544-5981;fa-file-invoice-dollar;Jaqueline.jpg
MIX CONSULTORIAS E PRESTADORA DE SERVICOS LTDA;;VICTOR;;;;
MMH MATERIAIS DE CONST. MTZ;;VICTOR;;;;
MMH MATERIAIS DE CONSTRUÇÃO ME - FILIAL 01;Departamento Fiscal;NEIRIELI;fiscal@contabilizarcontabil.com;(66) 3544-5981;fa-file-invoice-dollar;Neirieli.jpg
MMH MATERIAIS DE CONSTRUÇÃO ME - FILIAL 02;Departamento Fiscal;NEIRIELI;fiscal@contabilizarcontabil.com;(66) 3544-5981;fa-file-invoice-dollar;Neirieli.jpg
MMH MATERIAIS DE CONSTRUÇÃO ME - MATRIZ;Departamento Fiscal;NEIRIELI;fiscal@contabilizarcontabil.com;(66) 3544-5981;fa-file-invoice-dollar;Neirieli.jpg
MOMBACH & MOMBACH;;YESA;;;;
MOMBACH & MOMBACH LTDA;Departamento Fiscal;SILVANA;fiscal@contabilizarcontabil.com;(66) 3544-5981;fa-file-invoice-dollar;Silvana.jpg
MS PRESTADORA DE SERVICOS LTDA;Departamento Fiscal;NEIRIELI;fiscal@contabilizarcontabil.com;(66) 3544-5981;fa-file-invoice-dollar;Neirieli.jpg
MS PRESTADORA DE SERVICOS LTDA;;VICTOR;;;;
MY MACH COMMERCE AND SERVICES LTDA;Departamento Fiscal;SILVANA;fiscal@contabilizarcontabil.com;(66) 3544-5981;fa-file-invoice-dollar;Silvana.jpg
MY MACH COMMERCE AND SERVICES LTDA;;YESA;;;;
N. S. DA COSTA - MERCADO;Departamento Fiscal;MIDIAN;fiscal@contabilizarcontabil.com;(66) 3544-5981;fa-file-invoice-dollar;Midian.jpg
N. S. DA COSTA REPRESENTAÇÕES;Departamento Fiscal;MIDIAN;fiscal@contabilizarcontabil.com;(66) 3544-5981;fa-file-invoice-dollar;Midian.jpg
NEGO LAVACAR LTDA - SEM CERTIFICADO;Departamento Fiscal;MIDIAN;fiscal@contabilizarcontabil.com;(66) 3544-5981;fa-file-invoice-dollar;Midian.jpg
NELSON SARAIVA;Departamento Fiscal;NEIRIELI;fiscal@contabilizarcontabil.com;(66) 3544-5981;fa-file-invoice-dollar;Neirieli.jpg
NELSON SARAIVA SOCIEDADE INDIVIDUAL DE A;;VICTOR;;;;
NORTE PESQUISAS E APOIO DE DESENVOLVIMENTO ;Departamento Fiscal;JAQUELINE;fiscal@contabilizarcontabil.com;(66) 3544-5981;fa-file-invoice-dollar;Jaqueline.jpg
NORTE PESQUISAS E APOIO DE DESENVOLVIMENTO DE AGRICULTURA LTDA;;VICTOR;;;;
NOVO NORTE TOPOGRAFIA LTDA;;YESA;;;;
NOVO NORTE TOPOGRAFIA LTDA ;Departamento Fiscal;JAQUELINE;fiscal@contabilizarcontabil.com;(66) 3544-5981;fa-file-invoice-dollar;Jaqueline.jpg
NS DA COSTA MERCADO;;YESA;;;;
NSS TRANSPORTES LTDA;Departamento Fiscal;SUELEN;fiscal@contabilizarcontabil.com;(66) 3544-5981;fa-file-invoice-dollar;Suelen.jpg
NSS TRANSPORTES LTDA;;VICTOR;;;;
O PASTELAO LTDA ME;;VICTOR;;;;
O PASTELAO PETISCARIA LTDA ;Departamento Fiscal;MIDIAN;fiscal@contabilizarcontabil.com;(66) 3544-5981;fa-file-invoice-dollar;Midian.jpg
O. S. SOLUCOES PROJETOS E TREINAMENTOS LTDA;;VICTOR;;;;
O. S. SOLUÇÕES PROJETOS E TREINAMENTOS LTDA;Departamento Fiscal;JÉSSICA;fiscal@contabilizarcontabil.com;(66) 3544-5981;fa-file-invoice-dollar;Jessica.jpg
ODAIR JOSE ARSENO - FILIAL;;VICTOR;;;;
ODAIR JOSE ARSENO - MATRIZ;;VICTOR;;;;
ODAIR JOSE ARSENO - ME - FILIAL ;Departamento Fiscal;SUELEN;fiscal@contabilizarcontabil.com;(66) 3544-5981;fa-file-invoice-dollar;Suelen.jpg
ODAIR JOSE ARSENO - ME - MATRIZ  -  SINOP;Departamento Fiscal;SUELEN;fiscal@contabilizarcontabil.com;(66) 3544-5981;fa-file-invoice-dollar;Suelen.jpg
OLIVEIRA E AGUIAR LTDA - FILIAL ;Departamento Fiscal;SUELEN;fiscal@contabilizarcontabil.com;(66) 3544-5981;fa-file-invoice-dollar;Suelen.jpg
OLIVEIRA E AGUIAR LTDA - MATRIZ ;Departamento Fiscal;SUELEN;fiscal@contabilizarcontabil.com;(66) 3544-5981;fa-file-invoice-dollar;Suelen.jpg
OLIVEIRA E AGUIAR LTDA MATRIZ;;VICTOR;;;;
PADRAO TRANSPORTES LTDA;Departamento Fiscal;JÉSSICA;fiscal@contabilizarcontabil.com;(66) 3544-5981;fa-file-invoice-dollar;Jessica.jpg
PADRAO TRANSPORTES LTDA   (GOIÁS);Departamento Fiscal;JÉSSICA;fiscal@contabilizarcontabil.com;(66) 3544-5981;fa-file-invoice-dollar;Jessica.jpg
PADRAO TRANSPORTES LTDA   (PARÁ);Departamento Fiscal;JÉSSICA;fiscal@contabilizarcontabil.com;(66) 3544-5981;fa-file-invoice-dollar;Jessica.jpg
PADRAO TRANSPORTES LTDA.;;VICTOR;;;;
PALADIUM LOGISTICA E TRANSPORTES;;YESA;;;;
PALADIUM LOGISTICA E TRANSPORTES RODOVIARIOS EIRELI;Departamento Fiscal;SILVANA;fiscal@contabilizarcontabil.com;(66) 3544-5981;fa-file-invoice-dollar;Silvana.jpg
PASCALLI  TRANSPORTES LTDA;;INATIVA;;;;
PASCALLI TRANSPORTES LTDA (NOVA);Departamento Fiscal;JÉSSICA;fiscal@contabilizarcontabil.com;(66) 3544-5981;fa-file-invoice-dollar;Jessica.jpg
PAULO ROBERTO SIMON;Departamento Fiscal;JAQUELINE;fiscal@contabilizarcontabil.com;(66) 3544-5981;fa-file-invoice-dollar;Jaqueline.jpg
PAULO ROBERTO SIMON;;VICTOR;;;;
PAULO ROBERTO SIMON - GIA ANUAL;Departamento Fiscal;JAQUELINE;fiscal@contabilizarcontabil.com;(66) 3544-5981;fa-file-invoice-dollar;Jaqueline.jpg
PAVAN & DARON TERRAPLENAGEM LTDA;Departamento Fiscal;MIDIAN;fiscal@contabilizarcontabil.com;(66) 3544-5981;fa-file-invoice-dollar;Midian.jpg
PAVAN & DARON TERRAPLENAGEM LTDA;;BLOQUEADA ;;;;
PERFIL COMERCIO E REPRESENTACOES LTDA;Departamento Fiscal;NEIRIELI;fiscal@contabilizarcontabil.com;(66) 3544-5981;fa-file-invoice-dollar;Neirieli.jpg
PERFIL COMERCIO E REPRESENTACOES LTDA;;YESA;;;;
PERICIA BRASIL ONLINE LTDA;Departamento Fiscal;SUELEN;fiscal@contabilizarcontabil.com;(66) 3544-5981;fa-file-invoice-dollar;Suelen.jpg
PICCOLO ENGENHARIA;Departamento Fiscal;SILVANA;fiscal@contabilizarcontabil.com;(66) 3544-5981;fa-file-invoice-dollar;Silvana.jpg
PICCOLO ENGENHARIA;;VICTOR;;;;
PIOVEZAN E PIOVEZAN LTDA - SM;Departamento Fiscal;JAQUELINE;fiscal@contabilizarcontabil.com;(66) 3544-5981;fa-file-invoice-dollar;Jaqueline.jpg
PORTAL BELLO CONVENIENCIA;;YESA;;;;
PORTAL BELLO CONVENIENCIA E BEBIDAS;Departamento Fiscal;SILVANA;fiscal@contabilizarcontabil.com;(66) 3544-5981;fa-file-invoice-dollar;Silvana.jpg
PORTAL ESTADAO;;VICTOR;;;;
PORTAL ESTADÃO MT LTDA ;Departamento Fiscal;SUELEN;fiscal@contabilizarcontabil.com;(66) 3544-5981;fa-file-invoice-dollar;Suelen.jpg
PREIMA PUBLICIDADE LTDA ME;Departamento Fiscal;MIDIAN;fiscal@contabilizarcontabil.com;(66) 3544-5981;fa-file-invoice-dollar;Midian.jpg
PREIMA PUBLICIDADE LTDA ME;;VICTOR;;;;
PRO AGRICOLA ASSESSORIA AGRONOMICA;;YESA;;;;
PRO AGRICOLA ASSESSORIA AGRONOMICA LTDA;Departamento Fiscal;MIDIAN;fiscal@contabilizarcontabil.com;(66) 3544-5981;fa-file-invoice-dollar;Midian.jpg
PROLIFE CLINICA DE FISIOTERAPIA E PILATES;Departamento Fiscal;SUELEN;fiscal@contabilizarcontabil.com;(66) 3544-5981;fa-file-invoice-dollar;Suelen.jpg
PROLIFE CLINICA DE FISIOTERAPIA E PILATES LTDA;;VICTOR;;;;
PROTEGE VIGILANCIA EIRELI;;VICTOR;;;;
PROTEGE VIGILÂNCIA EIRELI;Departamento Fiscal;JAQUELINE;fiscal@contabilizarcontabil.com;(66) 3544-5981;fa-file-invoice-dollar;Jaqueline.jpg
PUPPY PETS;;VICTOR;;;;
PUPPY PETS LTDA;Departamento Fiscal;SUELEN;fiscal@contabilizarcontabil.com;(66) 3544-5981;fa-file-invoice-dollar;Suelen.jpg
QUALITY BRASIL CLASSIFICAÇÃO DE PRODUTOS;Departamento Fiscal;SILVANA;fiscal@contabilizarcontabil.com;(66) 3544-5981;fa-file-invoice-dollar;Silvana.jpg
QUALITY BRASIL CLASSIFICAÇÃO DE PRODUTOS;;YESA;;;;
QUALITY CONTROL SERVICE LTDA;Departamento Fiscal;SILVANA;fiscal@contabilizarcontabil.com;(66) 3544-5981;fa-file-invoice-dollar;Silvana.jpg
QUALITY CONTROL SERVICE LTDA;;YESA;;;;
R. R. F. AGROPECUÁRIA LTDA;Departamento Fiscal;JÉSSICA;fiscal@contabilizarcontabil.com;(66) 3544-5981;fa-file-invoice-dollar;Jessica.jpg
R2 PROPAGANDA;;VICTOR;;;;
R2 PROPAGANDA ;Departamento Fiscal;SUELEN;fiscal@contabilizarcontabil.com;(66) 3544-5981;fa-file-invoice-dollar;Suelen.jpg
RAFAEL DE ALMEIDA SIMON;Departamento Fiscal;JAQUELINE;fiscal@contabilizarcontabil.com;(66) 3544-5981;fa-file-invoice-dollar;Jaqueline.jpg
RAFAEL DE ALMEIDA SIMON ;Departamento Fiscal;JAQUELINE;fiscal@contabilizarcontabil.com;(66) 3544-5981;fa-file-invoice-dollar;Jaqueline.jpg
RAFAEL VILSO FAVARETTO;Departamento Fiscal;JÉSSICA;fiscal@contabilizarcontabil.com;(66) 3544-5981;fa-file-invoice-dollar;Jessica.jpg
RAFAEL VILSO FAVARETTO E OUTROS/FL;;YESA;;;;
RAFAEL VILSO FAVARETTO E/OU OUTROS;Departamento Fiscal;JÉSSICA;fiscal@contabilizarcontabil.com;(66) 3544-5981;fa-file-invoice-dollar;Jessica.jpg
RAFAEL VILSO FAVARETTO/MTZ;;YESA;;;;
RENATO RAI FAVARETTO;Departamento Fiscal;JÉSSICA;fiscal@contabilizarcontabil.com;(66) 3544-5981;fa-file-invoice-dollar;Jessica.jpg
RENATO RAI FAVARETTO ;;YESA;;;;
RENATO RAI FAVARETTO - DOMESTICA;;YESA;;;;
RESTAURANTE E LANCHONETE ESPETRUCK LTDA ;Departamento Fiscal;MIDIAN;fiscal@contabilizarcontabil.com;(66) 3544-5981;fa-file-invoice-dollar;Midian.jpg
REVEST INTERIORES - MATRIZ;Departamento Fiscal;JAQUELINE;fiscal@contabilizarcontabil.com;(66) 3544-5981;fa-file-invoice-dollar;Jaqueline.jpg
REVEST INTERIORES - MATRIZ;;VICTOR;;;;
RG AGENCIA DE PUBLICIDADE LTDA;;VICTOR;;;;
RG AGENCIA DE PUBLICIDADE LTDA ;Departamento Fiscal;SUELEN;fiscal@contabilizarcontabil.com;(66) 3544-5981;fa-file-invoice-dollar;Suelen.jpg
ROBERTO GUIMARAES EVENTOS LTDA (PERSE);Departamento Fiscal;MIDIAN;fiscal@contabilizarcontabil.com;(66) 3544-5981;fa-file-invoice-dollar;Midian.jpg
ROBERTO GUIMARAES EVENTOS SORRISO(0001-44);;VICTOR;;;;
ROBERTO GUIMARAES PRODUCAO DE EVENTOS EIRELI;Departamento Fiscal;MIDIAN;fiscal@contabilizarcontabil.com;(66) 3544-5981;fa-file-invoice-dollar;Midian.jpg
ROBERTO GUIMARAES PRODUÇÕES - SINOP;;VICTOR;;;;
ROBES ROSA EIRELI;;VICTOR;;;;
ROBES ROSA FERREIRA EIRELI;Departamento Fiscal;SILVANA;fiscal@contabilizarcontabil.com;(66) 3544-5981;fa-file-invoice-dollar;Silvana.jpg
RODRIGUES E KAWANO (RS APOIO);;YESA;;;;
RODRIGUES E KAWANO APOIO ADMINISTRATIVO LTDA;Departamento Fiscal;SILVANA;fiscal@contabilizarcontabil.com;(66) 3544-5981;fa-file-invoice-dollar;Silvana.jpg
ROGERIO ROZZINI ME;Departamento Fiscal;MIDIAN;fiscal@contabilizarcontabil.com;(66) 3544-5981;fa-file-invoice-dollar;Midian.jpg
ROGERIO ROZZINI ME;;YESA;;;;
ROMERIO F SILVA ME;Departamento Fiscal;SUELEN;fiscal@contabilizarcontabil.com;(66) 3544-5981;fa-file-invoice-dollar;Suelen.jpg
ROMERIO F SILVA ME;;YESA;;;;
RONA TRANSPORTES LTDA;Departamento Fiscal;SUELEN;fiscal@contabilizarcontabil.com;(66) 3544-5981;fa-file-invoice-dollar;Suelen.jpg
RONA TRANSPORTES LTDA;;VICTOR;;;;
RRF AGROPECUARIA LTDA;;YESA;;;;
RUBIA MARA DA COSTA LUNKES LTDA;Departamento Fiscal;NEIRIELI;fiscal@contabilizarcontabil.com;(66) 3544-5981;fa-file-invoice-dollar;Neirieli.jpg
RUBIA MARA DA COSTA LUNKES LTDA;;VICTOR;;;;
S. E. DOS SANTOS EGIDIO LTDA;Departamento Fiscal;MIDIAN;fiscal@contabilizarcontabil.com;(66) 3544-5981;fa-file-invoice-dollar;Midian.jpg
S. S. CONSULTORIAS E PRESTADORA DE SERVIÇOS LTDA  ;Departamento Fiscal;NEIRIELI;fiscal@contabilizarcontabil.com;(66) 3544-5981;fa-file-invoice-dollar;Neirieli.jpg
S. T. Y. TRANSPORTE RODOVIÁRIO LTDA ;Departamento Fiscal;SUELEN;fiscal@contabilizarcontabil.com;(66) 3544-5981;fa-file-invoice-dollar;Suelen.jpg
SALETE RADKE LTDA;Departamento Fiscal;SUELEN;fiscal@contabilizarcontabil.com;(66) 3544-5981;fa-file-invoice-dollar;Suelen.jpg
SALETE RADKE LTDA;;YESA;;;;
SANTO ANTONIO SERVICOS DE GUINCHO EIRELI  - SM;Departamento Fiscal;JAQUELINE;fiscal@contabilizarcontabil.com;(66) 3544-5981;fa-file-invoice-dollar;Jaqueline.jpg
SÃO MIGUEL COMERCIO DE CEREAIS LTDA;Departamento Fiscal;JÉSSICA;fiscal@contabilizarcontabil.com;(66) 3544-5981;fa-file-invoice-dollar;Jessica.jpg
SAO MIGUEL COMERCIO DE CEREAIS LTDA ;;VICTOR;;;;
SARTORIA D OURO LTDA;;VICTOR;;;;
SARTORIA D'OURO LTDA;Departamento Fiscal;JAQUELINE;fiscal@contabilizarcontabil.com;(66) 3544-5981;fa-file-invoice-dollar;Jaqueline.jpg
SCABURI ENGENHARIA LTDA;Departamento Fiscal;NEIRIELI;fiscal@contabilizarcontabil.com;(66) 3544-5981;fa-file-invoice-dollar;Neirieli.jpg
SCABURI ENGENHARIA LTDA;;YESA;;;;
SEMENTES APOLLO GRAIN BROKER LTDA;Departamento Fiscal;SILVANA;fiscal@contabilizarcontabil.com;(66) 3544-5981;fa-file-invoice-dollar;Silvana.jpg
SEMENTES APOLLO GRAIN BROKER LTDA;;VICTOR;;;;
SERGIO ZAMBON DE OLIVEIRA;;VICTOR;;;;
SERGIO ZAMBON DE OLIVEIRA ME;Departamento Fiscal;SILVANA;fiscal@contabilizarcontabil.com;(66) 3544-5981;fa-file-invoice-dollar;Silvana.jpg
SIRLEI ESTER NEUHAUS;;YESA;;;;
SIRLEI ESTER NEUHAUS EIRELI;Departamento Fiscal;NEIRIELI;fiscal@contabilizarcontabil.com;(66) 3544-5981;fa-file-invoice-dollar;Neirieli.jpg
SOLAR + FOTOVOLTAICO;;VICTOR;;;;
SOLAR+ FOTOVOLTAICO LTDA;Departamento Fiscal;SUELEN;fiscal@contabilizarcontabil.com;(66) 3544-5981;fa-file-invoice-dollar;Suelen.jpg
SOMBRA E AGUA FRESCA COMERCIO ALIMENTICIOS LTDA;Departamento Fiscal;JAQUELINE;fiscal@contabilizarcontabil.com;(66) 3544-5981;fa-file-invoice-dollar;Jaqueline.jpg
SOMBRA E AGUA FRESCA COMERCIO ALIMENTICIOS LTDA;;VICTOR;;;;
SORRISO GRAOS;;BLOQUEADA ;;;;
SORRISO GRÃOS LTDA;Departamento Fiscal;JÉSSICA;fiscal@contabilizarcontabil.com;(66) 3544-5981;fa-file-invoice-dollar;Jessica.jpg
SORRISOL RESTAURANTE;;INATIVA;;;;
SORRISOODONTO ;Departamento Fiscal;MIDIAN;fiscal@contabilizarcontabil.com;(66) 3544-5981;fa-file-invoice-dollar;Midian.jpg
SRS ARTEFATOS DE CIMENTO LTDA;Departamento Fiscal;SILVANA;fiscal@contabilizarcontabil.com;(66) 3544-5981;fa-file-invoice-dollar;Silvana.jpg
SRS ARTEFATOS DE CIMENTO LTDA;;VICTOR;;;;
SS CONSULTORIAS E PRESTADORA DE SERVICOS LTDA;;VICTOR;;;;
STY TRANSPORTES;;YESA;;;;
SZ COMERCIO DE ALUMINIOS LTDA;Departamento Fiscal;NEIRIELI;fiscal@contabilizarcontabil.com;(66) 3544-5981;fa-file-invoice-dollar;Neirieli.jpg
SZ COMERCIO DE ALUMINIOS LTDA;;VICTOR;;;;
TABACARIA 248 LTDA;Departamento Fiscal;NEIRIELI;fiscal@contabilizarcontabil.com;(66) 3544-5981;fa-file-invoice-dollar;Neirieli.jpg
TABACARIA 248 LTDA;;VICTOR;;;;
TBS AGRONEGÓCIOS;Departamento Fiscal;MIDIAN;fiscal@contabilizarcontabil.com;(66) 3544-5981;fa-file-invoice-dollar;Midian.jpg
TECNOVOLTS;;VICTOR;;;;
TECNOVOLTS MT INSTALACOES ELETRICAS LTDA;Departamento Fiscal;SILVANA;fiscal@contabilizarcontabil.com;(66) 3544-5981;fa-file-invoice-dollar;Silvana.jpg
TECNOVOLTS MT INSTALACOES ELETRICAS LTDA;Departamento Fiscal;SILVANA;fiscal@contabilizarcontabil.com;(66) 3544-5981;fa-file-invoice-dollar;Silvana.jpg
TELMO RATZ SANGER ME;Departamento Fiscal;MIDIAN;fiscal@contabilizarcontabil.com;(66) 3544-5981;fa-file-invoice-dollar;Midian.jpg
TELMO RATZ SANGER ME;;VICTOR;;;;
TEREZINHA A. DOS SANTOS - ME;Departamento Fiscal;JÉSSICA;fiscal@contabilizarcontabil.com;(66) 3544-5981;fa-file-invoice-dollar;Jessica.jpg
TEREZINHA A. DOS SANTOS - ME;;YESA;;;;
THENZO ASSIST.VEICULAR E MONITOR.EIRELI;Departamento Fiscal;SILVANA;fiscal@contabilizarcontabil.com;(66) 3544-5981;fa-file-invoice-dollar;Silvana.jpg
THENZO ASSIST.VEICULAR E MONITOR.EIRELI;;VICTOR;;;;
TOTAL SERVICE E CONSULTORIA LTDA ;Departamento Fiscal;MIDIAN;fiscal@contabilizarcontabil.com;(66) 3544-5981;fa-file-invoice-dollar;Midian.jpg
TOTAL SPORT FIT ACESSORIA ESPORTIVA LTDA;Departamento Fiscal;SILVANA;fiscal@contabilizarcontabil.com;(66) 3544-5981;fa-file-invoice-dollar;Silvana.jpg
TOTAL SPORT FIT ACESSORIA ESPORTIVA LTDA;;VICTOR;;;;
TRACKING TRANSPORTES LTDA. ME;Departamento Fiscal;SILVANA;fiscal@contabilizarcontabil.com;(66) 3544-5981;fa-file-invoice-dollar;Silvana.jpg
TRACKING TRANSPORTES LTDA. ME;;VICTOR;;;;
TRANSMECA TRANSPORTES RODOVIÁRIOS LTDA;Departamento Fiscal;Jaqueline Zanatta;fiscal@contabilizarcontabil.com;(66) 3544-5981;fa-file-invoice-dollar;Jaqueline.jpg
TRANSMECA TRANSPORTES RODOVIÁRIOS LTDA;Departamento Pessoal;Yesa Furtado;pessoal@contabilizarcontabil.com;(66) 3544-5981;fa-users;Yesa.jpg
TRANSMECA TRANSPORTES RODOVIÁRIOS LTDA;Departamento Contabil;Diego Lamonica;contabil@contabilizarcontabil.com;(66) 3544-5981;fa-calculator;Diego.jpg
TRANSMECA TRANSPORTES RODOVIÁRIOS LTDA;Departamento Financeiro;Jessica Santos;financeiro@contabilizarcontabil.com;(66) 3544-5981;fa-money-bill-wave;Jessicasantos.jpg
TRANSMECA TRANSPORTES RODOVIÁRIOS LTDA;Departamento Paralegal;Julio Dill;paralegal@contabilizarcontabil.com;(66) 3544-5981;fa-balance-scale;Julio.jpg
TRANSMECA TRANSPORTES RODOVIÁRIOS LTDA;Recepcionista;Maria Randon;atendimento@contabilizarcontabil.com;(66) 3544-5981;fa-concierge-bell;Maria.jpg
TRANSPORTADORA AL LTDA;Departamento Fiscal;JÉSSICA;fiscal@contabilizarcontabil.com;(66) 3544-5981;fa-file-invoice-dollar;Jessica.jpg
TRANSPORTADORA AL LTDA;;YESA;;;;
TRANSPORTADORA AL LTDA FILIAL;Departamento Fiscal;JÉSSICA;fiscal@contabilizarcontabil.com;(66) 3544-5981;fa-file-invoice-dollar;Jessica.jpg
TRANSPORTADORA SÃO ROQUE ;Departamento Fiscal;SILVANA;fiscal@contabilizarcontabil.com;(66) 3544-5981;fa-file-invoice-dollar;Silvana.jpg
TRANSPORTADORA SAO ROQUE LTDA;;YESA;;;;
TRANSPORTADORA SILVA E OLIVEIRA;;BLOQUEADA ;;;;
TRANSPORTADORA SILVA E OLIVEIRA MT LTDA;Departamento Fiscal;JÉSSICA;fiscal@contabilizarcontabil.com;(66) 3544-5981;fa-file-invoice-dollar;Jessica.jpg
TRANSPORTE PAI HEROI LTDA ME;;YESA;;;;
TRANSPORTES PAI HEROI ;Departamento Fiscal;JAQUELINE;fiscal@contabilizarcontabil.com;(66) 3544-5981;fa-file-invoice-dollar;Jaqueline.jpg
TREVISAN ASSISTENCIA ELETRICA LTDA;;YESA;;;;
TREVISAN ASSISTENCIA ELETRICA LTDA ;Departamento Fiscal;SUELEN;fiscal@contabilizarcontabil.com;(66) 3544-5981;fa-file-invoice-dollar;Suelen.jpg
TRUCK DIESEL PECAS E SERVICOS LTDA - INATIVA;Departamento Fiscal;MIDIAN;fiscal@contabilizarcontabil.com;(66) 3544-5981;fa-file-invoice-dollar;Midian.jpg
UNICA CORRETORA DE CEREAIS LTDA;Departamento Fiscal;JÉSSICA;fiscal@contabilizarcontabil.com;(66) 3544-5981;fa-file-invoice-dollar;Jessica.jpg
UNICA CORRETORA DE CEREAIS LTDA;;VICTOR;;;;
V. H. V BRANDALISE LTDA (NOVA);Departamento Fiscal;JAQUELINE;fiscal@contabilizarcontabil.com;(66) 3544-5981;fa-file-invoice-dollar;Jaqueline.jpg
VALERIA MADEIRA DE SOUSA ;;YESA;;;;
VALMOR VOLPATO;;VICTOR;;;;
VALMOR VOLPATO ;Departamento Fiscal;MIDIAN;fiscal@contabilizarcontabil.com;(66) 3544-5981;fa-file-invoice-dollar;Midian.jpg
VEG TRANSPORTES E LOGISTICA;;YESA;;;;
VEG TRANSPORTES E LOGISTICA LTDA;Departamento Fiscal;SUELEN;fiscal@contabilizarcontabil.com;(66) 3544-5981;fa-file-invoice-dollar;Suelen.jpg
VEGAS COMUNICACAO VISUAL LTDA;;VICTOR;;;;
VEGAS COMUNICACAO VISUAL LTDA- NOVA MUTUM;Departamento Fiscal;SUELEN;fiscal@contabilizarcontabil.com;(66) 3544-5981;fa-file-invoice-dollar;Suelen.jpg
VERA MÓVEIS - MATRIZ;Departamento Fiscal;JAQUELINE;fiscal@contabilizarcontabil.com;(66) 3544-5981;fa-file-invoice-dollar;Jaqueline.jpg
VERA MÓVEIS - MATRIZ;;YESA;;;;
VERA MOVEIS COMERCIO - FILIAL;Departamento Fiscal;JAQUELINE;fiscal@contabilizarcontabil.com;(66) 3544-5981;fa-file-invoice-dollar;Jaqueline.jpg
VHV BRANDELISE LTDA;;YESA;;;;
VILSO ANTONIO FAVARETTO E OUTRO;Departamento Fiscal;JÉSSICA;fiscal@contabilizarcontabil.com;(66) 3544-5981;fa-file-invoice-dollar;Jessica.jpg
VILSO ANTONIO FAVARETTO E OUTRO FAZ. MAREMA;;YESA;;;;
W CARLOS OLIVEIRA DA SILVA LTDA;;VICTOR;;;;
W. CARLOS OLIVEIRA DA SILVA LTDA;Departamento Fiscal;SUELEN;fiscal@contabilizarcontabil.com;(66) 3544-5981;fa-file-invoice-dollar;Suelen.jpg
W. CARLOS OLIVEIRA DA SILVA LTDA;Departamento Fiscal;SUELEN;fiscal@contabilizarcontabil.com;(66) 3544-5981;fa-file-invoice-dollar;Suelen.jpg
W. CARLOS OLIVEIRA DA SILVA LTDA - NOBRES;Departamento Fiscal;SUELEN;fiscal@contabilizarcontabil.com;(66) 3544-5981;fa-file-invoice-dollar;Suelen.jpg
W. J. R. INCORPORADORA SPE LTDA;Departamento Fiscal;SUELEN;fiscal@contabilizarcontabil.com;(66) 3544-5981;fa-file-invoice-dollar;Suelen.jpg
WILSON SLAVIERO;Departamento Fiscal;NEIRIELI;fiscal@contabilizarcontabil.com;(66) 3544-5981;fa-file-invoice-dollar;Neirieli.jpg
WJR INCORPORADORA SPE LTDA;;VICTOR;;;;
WLOG TRANSPORTES E LOG;;VICTOR;;;;
WLOG TRANSPORTES E LOGISTICA LTDA;Departamento Fiscal;SUELEN;fiscal@contabilizarcontabil.com;(66) 3544-5981;fa-file-invoice-dollar;Suelen.jpg
ZAGO TRANSPORTES LTDA ME;Departamento Fiscal;JAQUELINE;fiscal@contabilizarcontabil.com;(66) 3544-5981;fa-file-invoice-dollar;Jaqueline.jpg
ZAGO TRANSPORTES LTDA ME;;YESA;;;;
ZENILDA ALVES CHUPEL;Departamento Fiscal;JAQUELINE;fiscal@contabilizarcontabil.com;(66) 3544-5981;fa-file-invoice-dollar;Jaqueline.jpg
ZENILDA CHUPEL;;YESA;;;;
